{
  "CoverPageSectionId": "c46ee895-0e6e-4063-8136-31e6bfa7c3f8",
  "Id": "5d664c9f19264d7f96192f97f219c488",
  "Revision": 8,
  "Children": [
    {
      "$type": "Group",
      "Children": [
        {
          "$type": "StaticText",
          "Children": [],
          "VariableName": "",
          "PublicKey": "bd98be1f-8659-8062-f615-01d35429f828",
          "Text": "",
          "AttachmentName": "port-vila-market",
          "ValidationConditions": [],
          "ConditionExpression": "",
          "HideIfDisabled": false
        }
      ],
      "ConditionExpression": "",
      "HideIfDisabled": false,
      "IsFlatMode": false,
      "IsPlainMode": false,
      "DisplayMode": 0,
      "Enabled": true,
      "Description": "",
      "VariableName": "",
      "IsRoster": false,
      "CustomRosterTitle": false,
      "RosterSizeSource": 0,
      "FixedRosterTitles": [],
      "PublicKey": "c46ee895-0e6e-4063-8136-31e6bfa7c3f8",
      "Title": "Market Survey Form 2"
    },
    {
      "$type": "Group",
      "Children": [
        {
          "$type": "StaticText",
          "Children": [],
          "VariableName": "",
          "PublicKey": "f0c806c9-f998-b541-88a6-350f840b4f92",
          "Text": "VNSO Market Price Survey",
          "AttachmentName": "vnso",
          "ValidationConditions": [],
          "HideIfDisabled": false
        },
        {
          "$type": "SingleQuestion",
          "ShowAsList": false,
          "Answers": [
            {
              "AnswerText": "Port Vila Municipal Market",
              "AnswerValue": "1"
            },
            {
              "AnswerText": "Luganville Municipal Market",
              "AnswerValue": "2"
            },
            {
              "AnswerText": "Manples Market",
              "AnswerValue": "3"
            },
            {
              "AnswerText": "Lenakel Market",
              "AnswerValue": "4"
            }
          ],
          "Children": [],
          "ConditionExpression": "",
          "HideIfDisabled": false,
          "Featured": false,
          "Properties": {
            "HideInstructions": false,
            "UseFormatting": false,
            "OptionsFilterExpression": ""
          },
          "PublicKey": "eb4a3711-30e0-7ce0-ad0c-b1323f255f32",
          "QuestionScope": 0,
          "QuestionText": "1. Market Location",
          "QuestionType": 0,
          "StataExportCaption": "market",
          "VariableLabel": "market",
          "IsFilteredCombobox": false,
          "IsTimestamp": false,
          "ValidationConditions": [],
          "VariableName": "market"
        },
        {
          "$type": "GpsCoordinateQuestion",
          "AnswerOrder": 2,
          "Answers": [],
          "Children": [],
          "ConditionExpression": "",
          "HideIfDisabled": false,
          "Featured": false,
          "Properties": {
            "HideInstructions": false,
            "UseFormatting": false,
            "OptionsFilterExpression": ""
          },
          "PublicKey": "ff83641f-2304-d6f2-c130-332f4be45d24",
          "QuestionScope": 0,
          "QuestionText": "Tab to collect market GPS Location",
          "QuestionType": 6,
          "StataExportCaption": "market_gps",
          "VariableLabel": "market_gps",
          "IsTimestamp": false,
          "ValidationConditions": [],
          "VariableName": "market_gps"
        },
        {
          "$type": "DateTimeQuestion",
          "Answers": [],
          "Children": [],
          "ConditionExpression": "",
          "HideIfDisabled": false,
          "Featured": false,
          "Properties": {
            "HideInstructions": false,
            "UseFormatting": false,
            "OptionsFilterExpression": ""
          },
          "PublicKey": "6f08376f-1316-35c8-9d2a-b5a549a77db4",
          "QuestionScope": 0,
          "QuestionText": "2. Survey Date",
          "QuestionType": 5,
          "StataExportCaption": "survey_date",
          "VariableLabel": "survey_date",
          "IsTimestamp": true,
          "ValidationConditions": [],
          "VariableName": "survey_date"
        },
        {
          "$type": "SingleQuestion",
          "ShowAsList": false,
          "Answers": [
            {
              "AnswerText": "Week 1",
              "AnswerValue": "1"
            },
            {
              "AnswerText": "Week 2",
              "AnswerValue": "2"
            }
          ],
          "Children": [],
          "ConditionExpression": "",
          "HideIfDisabled": false,
          "Featured": false,
          "Properties": {
            "HideInstructions": false,
            "UseFormatting": false,
            "OptionsFilterExpression": ""
          },
          "PublicKey": "ef5263ee-7c13-6110-415c-b0959a167f07",
          "QuestionScope": 0,
          "QuestionText": "Select Week",
          "QuestionType": 0,
          "StataExportCaption": "week",
          "VariableLabel": "week",
          "LinkedFilterExpression": "",
          "IsFilteredCombobox": false,
          "IsTimestamp": false,
          "ValidationConditions": [],
          "VariableName": "week"
        },
        {
          "$type": "SingleQuestion",
          "ShowAsList": false,
          "Answers": [
            {
              "AnswerText": "January",
              "AnswerValue": "1"
            },
            {
              "AnswerText": "February",
              "AnswerValue": "2"
            },
            {
              "AnswerText": "March",
              "AnswerValue": "3"
            },
            {
              "AnswerText": "April",
              "AnswerValue": "4"
            },
            {
              "AnswerText": "May",
              "AnswerValue": "5"
            },
            {
              "AnswerText": "June",
              "AnswerValue": "6"
            },
            {
              "AnswerText": "July",
              "AnswerValue": "7"
            },
            {
              "AnswerText": "August",
              "AnswerValue": "8"
            },
            {
              "AnswerText": "September",
              "AnswerValue": "9"
            },
            {
              "AnswerText": "October",
              "AnswerValue": "10"
            },
            {
              "AnswerText": "November",
              "AnswerValue": "11"
            },
            {
              "AnswerText": "December",
              "AnswerValue": "12"
            }
          ],
          "Children": [],
          "ConditionExpression": "",
          "HideIfDisabled": false,
          "Featured": false,
          "Properties": {
            "HideInstructions": false,
            "UseFormatting": false,
            "OptionsFilterExpression": ""
          },
          "PublicKey": "216c64ed-bfd3-4362-84b6-71367ced00cf",
          "QuestionScope": 0,
          "QuestionText": "Select Month",
          "QuestionType": 0,
          "StataExportCaption": "month",
          "VariableLabel": "month",
          "LinkedFilterExpression": "",
          "IsFilteredCombobox": false,
          "IsTimestamp": false,
          "ValidationConditions": [],
          "VariableName": "month"
        },
        {
          "$type": "NumericQuestion",
          "IsInteger": true,
          "UseFormatting": false,
          "AnswerOrder": 2,
          "Answers": [],
          "Children": [],
          "ConditionExpression": "",
          "HideIfDisabled": false,
          "Featured": false,
          "Properties": {
            "HideInstructions": false,
            "UseFormatting": false,
            "OptionsFilterExpression": ""
          },
          "PublicKey": "cedce8b0-1ada-63aa-4920-184b0a17fec6",
          "QuestionScope": 0,
          "QuestionText": "Enter Year",
          "QuestionType": 4,
          "StataExportCaption": "year",
          "VariableLabel": "year",
          "IsTimestamp": false,
          "ValidationConditions": [],
          "VariableName": "year"
        }
      ],
      "ConditionExpression": "",
      "HideIfDisabled": false,
      "IsFlatMode": false,
      "IsPlainMode": false,
      "DisplayMode": 0,
      "Enabled": true,
      "Description": "",
      "VariableName": "MS2",
      "IsRoster": false,
      "CustomRosterTitle": false,
      "RosterSizeSource": 0,
      "FixedRosterTitles": [],
      "PublicKey": "e734f7b8-19e7-4b20-a2fa-f661c2a94b3b",
      "Title": "Vanuatu National Statistics Office"
    },
    {
      "$type": "Group",
      "Children": [
        {
          "$type": "MultyOptionsQuestion",
          "AreAnswersOrdered": false,
          "YesNoView": false,
          "Answers": [
            {
              "AnswerText": "Fiji Taro",
              "AnswerValue": "1"
            },
            {
              "AnswerText": "Island Taro",
              "AnswerValue": "2"
            },
            {
              "AnswerText": "Manioc",
              "AnswerValue": "3"
            },
            {
              "AnswerText": "Sweet Potato (Kumala)",
              "AnswerValue": "4"
            },
            {
              "AnswerText": "Yam",
              "AnswerValue": "5"
            },
            {
              "AnswerText": "Banana - green (Big type)",
              "AnswerValue": "6"
            },
            {
              "AnswerText": "Banana - green (Small type)",
              "AnswerValue": "7"
            },
            {
              "AnswerText": "Dry Coconut",
              "AnswerValue": "8"
            }
          ],
          "Children": [],
          "ConditionExpression": "",
          "HideIfDisabled": false,
          "Featured": false,
          "Instructions": "",
          "Properties": {
            "HideInstructions": false,
            "UseFormatting": false
          },
          "PublicKey": "335f25b7-fb0f-7a08-0c69-d12aad2f41d1",
          "QuestionScope": 0,
          "QuestionText": "3. Select root crop for sampling",
          "QuestionType": 3,
          "StataExportCaption": "root_crop_type",
          "VariableLabel": "root_crop_type",
          "IsFilteredCombobox": false,
          "IsTimestamp": false,
          "ValidationConditions": [],
          "VariableName": "root_crop_type"
        },
        {
          "$type": "Group",
          "Children": [
            {
              "$type": "SingleQuestion",
              "ShowAsList": false,
              "Answers": [
                {
                  "AnswerText": "Fiji Taro",
                  "AnswerValue": "1"
                },
                {
                  "AnswerText": "Island Taro",
                  "AnswerValue": "2"
                },
                {
                  "AnswerText": "Manioc",
                  "AnswerValue": "3"
                },
                {
                  "AnswerText": "Sweet Potato (Kumala)",
                  "AnswerValue": "4"
                },
                {
                  "AnswerText": "Yam",
                  "AnswerValue": "5"
                },
                {
                  "AnswerText": "Green Banana (Big Type)",
                  "AnswerValue": "6"
                },
                {
                  "AnswerText": "Green Banana (Small Type)",
                  "AnswerValue": "7"
                },
                {
                  "AnswerText": "Dry Coconut",
                  "AnswerValue": "8"
                }
              ],
              "Children": [],
              "ConditionExpression": "",
              "HideIfDisabled": false,
              "Featured": false,
              "Instructions": "",
              "Properties": {
                "HideInstructions": false,
                "UseFormatting": false,
                "OptionsFilterExpression": ""
              },
              "PublicKey": "665cd200-facc-de57-6b62-22b6b495a259",
              "QuestionScope": 1,
              "QuestionText": "Select the appropriate name of the root crop %rostertitle%",
              "QuestionType": 0,
              "StataExportCaption": "root_crop_code",
              "VariableLabel": "root_crop_code",
              "IsFilteredCombobox": false,
              "IsTimestamp": false,
              "ValidationConditions": [],
              "VariableName": "root_crop_code"
            },
            {
              "$type": "MultyOptionsQuestion",
              "AreAnswersOrdered": false,
              "YesNoView": false,
              "Answers": [
                {
                  "AnswerText": "Basket",
                  "AnswerValue": "1"
                },
                {
                  "AnswerText": "Net",
                  "AnswerValue": "2"
                },
                {
                  "AnswerText": "Bundle",
                  "AnswerValue": "3"
                },
                {
                  "AnswerText": "Each",
                  "AnswerValue": "4"
                },
                {
                  "AnswerText": "Heap/Pile",
                  "AnswerValue": "5"
                },
                {
                  "AnswerText": "Bunch",
                  "AnswerValue": "6"
                },
                {
                  "AnswerText": "Ring/Tier",
                  "AnswerValue": "7"
                }
              ],
              "Children": [],
              "ConditionExpression": "",
              "HideIfDisabled": false,
              "Featured": false,
              "Instructions": "",
              "Properties": {
                "HideInstructions": false,
                "UseFormatting": false,
                "OptionsFilterExpression": ""
              },
              "PublicKey": "6d3fc7c6-ba3d-0c56-8147-ea9d9ca802b0",
              "QuestionScope": 0,
              "QuestionText": "Select the %rostertitle% Measurement type",
              "QuestionType": 3,
              "StataExportCaption": "measure_type",
              "VariableLabel": "measure_type",
              "IsFilteredCombobox": false,
              "IsTimestamp": false,
              "ValidationConditions": [],
              "VariableName": "measure_type"
            },
            {
              "$type": "Group",
              "Children": [
                {
                  "$type": "NumericQuestion",
                  "IsInteger": true,
                  "UseFormatting": false,
                  "AnswerOrder": 2,
                  "Answers": [],
                  "Children": [],
                  "ConditionExpression": "",
                  "HideIfDisabled": false,
                  "Featured": false,
                  "Instructions": "",
                  "Properties": {
                    "HideInstructions": false,
                    "UseFormatting": false
                  },
                  "PublicKey": "e4e9ffb7-71c1-1948-ef64-b63cbcdb9843",
                  "QuestionScope": 0,
                  "QuestionText": "Enter the Price of %rostertitle% sample 1",
                  "QuestionType": 4,
                  "StataExportCaption": "staple_price1",
                  "VariableLabel": "staple_price1",
                  "IsTimestamp": false,
                  "ValidationConditions": [],
                  "VariableName": "staple_price1"
                },
                {
                  "$type": "NumericQuestion",
                  "IsInteger": false,
                  "CountOfDecimalPlaces": 2,
                  "UseFormatting": false,
                  "AnswerOrder": 2,
                  "Answers": [],
                  "Children": [],
                  "ConditionExpression": "",
                  "HideIfDisabled": false,
                  "Featured": false,
                  "Instructions": "",
                  "Properties": {
                    "HideInstructions": false,
                    "UseFormatting": false
                  },
                  "PublicKey": "56e4b61f-9de1-d96c-c9a9-961da081b80f",
                  "QuestionScope": 0,
                  "QuestionText": "Enter the weight of each %rostertitle% sample 1",
                  "QuestionType": 4,
                  "StataExportCaption": "staple_wieght1",
                  "VariableLabel": "staple_wieght1",
                  "IsTimestamp": false,
                  "ValidationConditions": [],
                  "VariableName": "staple_wieght1"
                },
                {
                  "$type": "NumericQuestion",
                  "IsInteger": true,
                  "UseFormatting": false,
                  "AnswerOrder": 2,
                  "Answers": [],
                  "Children": [],
                  "ConditionExpression": "",
                  "HideIfDisabled": false,
                  "Featured": false,
                  "Instructions": "",
                  "Properties": {
                    "HideInstructions": false,
                    "UseFormatting": false
                  },
                  "PublicKey": "546a8299-e7df-0d0e-69bd-e88e8d1ec0c4",
                  "QuestionScope": 0,
                  "QuestionText": "Enter the Price of  %rostertitle% sample 2",
                  "QuestionType": 4,
                  "StataExportCaption": "staple_price2",
                  "VariableLabel": "staple_price2",
                  "IsTimestamp": false,
                  "ValidationConditions": [],
                  "VariableName": "staple_price2"
                },
                {
                  "$type": "NumericQuestion",
                  "IsInteger": false,
                  "CountOfDecimalPlaces": 2,
                  "UseFormatting": false,
                  "AnswerOrder": 2,
                  "Answers": [],
                  "Children": [],
                  "ConditionExpression": "",
                  "HideIfDisabled": false,
                  "Featured": false,
                  "Instructions": "",
                  "Properties": {
                    "HideInstructions": false,
                    "UseFormatting": false
                  },
                  "PublicKey": "c3fe1981-1214-59d2-4d57-6a86760f7354",
                  "QuestionScope": 0,
                  "QuestionText": "Enter the weight of %rostertitle% sample 2",
                  "QuestionType": 4,
                  "StataExportCaption": "staple_wieght2",
                  "VariableLabel": "staple_wieght2",
                  "IsTimestamp": false,
                  "ValidationConditions": [],
                  "VariableName": "staple_wieght2"
                },
                {
                  "$type": "NumericQuestion",
                  "IsInteger": true,
                  "UseFormatting": false,
                  "AnswerOrder": 2,
                  "Answers": [],
                  "Children": [],
                  "ConditionExpression": "",
                  "HideIfDisabled": false,
                  "Featured": false,
                  "Instructions": "",
                  "Properties": {
                    "HideInstructions": false,
                    "UseFormatting": false
                  },
                  "PublicKey": "e2aba2b5-ef3d-f770-2799-9baec1c8cf02",
                  "QuestionScope": 0,
                  "QuestionText": "Enter the Price of %rostertitle% sample 3",
                  "QuestionType": 4,
                  "StataExportCaption": "staple_price3",
                  "VariableLabel": "staple_price3",
                  "IsTimestamp": false,
                  "ValidationConditions": [],
                  "VariableName": "staple_price3"
                },
                {
                  "$type": "NumericQuestion",
                  "IsInteger": false,
                  "CountOfDecimalPlaces": 2,
                  "UseFormatting": false,
                  "AnswerOrder": 2,
                  "Answers": [],
                  "Children": [],
                  "ConditionExpression": "",
                  "HideIfDisabled": false,
                  "Featured": false,
                  "Instructions": "",
                  "Properties": {
                    "HideInstructions": false,
                    "UseFormatting": false
                  },
                  "PublicKey": "9a498c94-5cb0-6916-9dc4-7a63ed35c2e0",
                  "QuestionScope": 0,
                  "QuestionText": "Enter the weight of %rostertitle% sample 3",
                  "QuestionType": 4,
                  "StataExportCaption": "staple_wieght3",
                  "VariableLabel": "staple_wieght3",
                  "IsTimestamp": false,
                  "ValidationConditions": [],
                  "VariableName": "staple_wieght3"
                },
                {
                  "$type": "NumericQuestion",
                  "IsInteger": true,
                  "UseFormatting": false,
                  "AnswerOrder": 2,
                  "Answers": [],
                  "Children": [],
                  "ConditionExpression": "",
                  "HideIfDisabled": false,
                  "Featured": false,
                  "Instructions": "",
                  "Properties": {
                    "HideInstructions": false,
                    "UseFormatting": false
                  },
                  "PublicKey": "7290323e-171d-0ac1-81e8-f4e3ad698d79",
                  "QuestionScope": 0,
                  "QuestionText": "Enter the Price %rostertitle% sample 4",
                  "QuestionType": 4,
                  "StataExportCaption": "staple_price4",
                  "VariableLabel": "staple_price4",
                  "IsTimestamp": false,
                  "ValidationConditions": [],
                  "VariableName": "staple_price4"
                },
                {
                  "$type": "NumericQuestion",
                  "IsInteger": false,
                  "CountOfDecimalPlaces": 2,
                  "UseFormatting": false,
                  "AnswerOrder": 2,
                  "Answers": [],
                  "Children": [],
                  "ConditionExpression": "",
                  "HideIfDisabled": false,
                  "Featured": false,
                  "Instructions": "",
                  "Properties": {
                    "HideInstructions": false,
                    "UseFormatting": false
                  },
                  "PublicKey": "afd731c0-4b18-c1a3-a560-38c1510edb52",
                  "QuestionScope": 0,
                  "QuestionText": "Enter the weight %rostertitle% sample 4",
                  "QuestionType": 4,
                  "StataExportCaption": "staple_wieght4",
                  "VariableLabel": "staple_wieght4",
                  "IsTimestamp": false,
                  "ValidationConditions": [],
                  "VariableName": "staple_wieght4"
                },
                {
                  "$type": "NumericQuestion",
                  "IsInteger": true,
                  "UseFormatting": false,
                  "AnswerOrder": 2,
                  "Answers": [],
                  "Children": [],
                  "ConditionExpression": "",
                  "HideIfDisabled": false,
                  "Featured": false,
                  "Instructions": "",
                  "Properties": {
                    "HideInstructions": false,
                    "UseFormatting": false
                  },
                  "PublicKey": "ac98aaf3-9171-a3dc-a132-c9bfd5b2fd98",
                  "QuestionScope": 0,
                  "QuestionText": "Enter the Price of %rostertitle% sample 5",
                  "QuestionType": 4,
                  "StataExportCaption": "staple_price5",
                  "VariableLabel": "staple_price5",
                  "IsTimestamp": false,
                  "ValidationConditions": [],
                  "VariableName": "staple_price5"
                },
                {
                  "$type": "NumericQuestion",
                  "IsInteger": false,
                  "CountOfDecimalPlaces": 2,
                  "UseFormatting": false,
                  "AnswerOrder": 2,
                  "Answers": [],
                  "Children": [],
                  "ConditionExpression": "",
                  "HideIfDisabled": false,
                  "Featured": false,
                  "Instructions": "",
                  "Properties": {
                    "HideInstructions": false,
                    "UseFormatting": false
                  },
                  "PublicKey": "93db0050-7e30-ca8d-2b82-e2ef8f722c54",
                  "QuestionScope": 0,
                  "QuestionText": "Enter the weight of %rostertitle% sample 5",
                  "QuestionType": 4,
                  "StataExportCaption": "staple_wieght5",
                  "VariableLabel": "staple_wieght5",
                  "IsTimestamp": false,
                  "ValidationConditions": [],
                  "VariableName": "staple_wieght5"
                }
              ],
              "ConditionExpression": "",
              "HideIfDisabled": false,
              "IsFlatMode": false,
              "IsPlainMode": false,
              "DisplayMode": 0,
              "Enabled": true,
              "Description": "",
              "VariableName": "measurement_rootcrop",
              "IsRoster": true,
              "CustomRosterTitle": false,
              "RosterSizeQuestionId": "6d3fc7c6-ba3d-0c56-8147-ea9d9ca802b0",
              "RosterSizeSource": 0,
              "FixedRosterTitles": [],
              "PublicKey": "63102953-99dc-fedf-484a-d4a02fc6214e",
              "Title": "Measurement Root Crop"
            }
          ],
          "ConditionExpression": "",
          "HideIfDisabled": true,
          "IsFlatMode": false,
          "IsPlainMode": false,
          "DisplayMode": 0,
          "Enabled": true,
          "Description": "",
          "VariableName": "root_crop_roster",
          "IsRoster": true,
          "CustomRosterTitle": false,
          "RosterSizeQuestionId": "335f25b7-fb0f-7a08-0c69-d12aad2f41d1",
          "RosterSizeSource": 0,
          "FixedRosterTitles": [],
          "PublicKey": "1ca95844-0e01-ea22-289f-60c829325340",
          "Title": "Root Crop Roster"
        }
      ],
      "ConditionExpression": "",
      "HideIfDisabled": false,
      "IsFlatMode": false,
      "IsPlainMode": false,
      "DisplayMode": 0,
      "Enabled": true,
      "Description": "",
      "VariableName": "root_crop_section",
      "IsRoster": false,
      "CustomRosterTitle": false,
      "RosterSizeSource": 0,
      "FixedRosterTitles": [],
      "PublicKey": "f02a3255-c4c4-7a88-6219-c94d1f424fe1",
      "Title": "Root Crop Section"
    },
    {
      "$type": "Group",
      "Children": [
        {
          "$type": "MultyOptionsQuestion",
          "AreAnswersOrdered": false,
          "YesNoView": false,
          "Answers": [
            {
              "AnswerText": "Banana - ripe (Big type)",
              "AnswerValue": "1"
            },
            {
              "AnswerText": "Banana - ripe (Small type)",
              "AnswerValue": "2"
            },
            {
              "AnswerText": "Pawpaw",
              "AnswerValue": "3"
            },
            {
              "AnswerText": "Water Melon",
              "AnswerValue": "4"
            },
            {
              "AnswerText": "Pineapple",
              "AnswerValue": "5"
            },
            {
              "AnswerText": "Lime",
              "AnswerValue": "6"
            },
            {
              "AnswerText": "Orange",
              "AnswerValue": "7"
            },
            {
              "AnswerText": "Breadfruit",
              "AnswerValue": "8"
            },
            {
              "AnswerText": "Green Coconut",
              "AnswerValue": "9"
            }
          ],
          "Children": [],
          "ConditionExpression": "",
          "HideIfDisabled": false,
          "Featured": false,
          "Instructions": "",
          "Properties": {
            "HideInstructions": false,
            "UseFormatting": false
          },
          "PublicKey": "ec0f39c5-2f87-ca1c-074c-1197db093223",
          "QuestionScope": 0,
          "QuestionText": "3. Select fruit from list for sampling.",
          "QuestionType": 3,
          "StataExportCaption": "fruit_type",
          "VariableLabel": "fruit_type",
          "IsFilteredCombobox": false,
          "IsTimestamp": false,
          "ValidationConditions": [],
          "VariableName": "fruit_type"
        },
        {
          "$type": "Group",
          "Children": [
            {
              "$type": "SingleQuestion",
              "ShowAsList": false,
              "Answers": [
                {
                  "AnswerText": "Ripe Banana (Big type)",
                  "AnswerValue": "1"
                },
                {
                  "AnswerText": "Ripe Banana (Small type)",
                  "AnswerValue": "2"
                },
                {
                  "AnswerText": "Pawpaw",
                  "AnswerValue": "3"
                },
                {
                  "AnswerText": "Water Melon",
                  "AnswerValue": "4"
                },
                {
                  "AnswerText": "Pineapple",
                  "AnswerValue": "5"
                },
                {
                  "AnswerText": "Lime",
                  "AnswerValue": "6"
                },
                {
                  "AnswerText": "Orange",
                  "AnswerValue": "7"
                },
                {
                  "AnswerText": "Breadfruit",
                  "AnswerValue": "8"
                },
                {
                  "AnswerText": "Green Coconut",
                  "AnswerValue": "9"
                }
              ],
              "Children": [],
              "ConditionExpression": "",
              "HideIfDisabled": false,
              "Featured": false,
              "Instructions": "",
              "Properties": {
                "HideInstructions": false,
                "UseFormatting": false,
                "OptionsFilterExpression": ""
              },
              "PublicKey": "771a2347-c449-0bdb-553d-edec247a55ad",
              "QuestionScope": 1,
              "QuestionText": "Select the appropriate name of the root crop %rostertitle%",
              "QuestionType": 0,
              "StataExportCaption": "fruit_code",
              "VariableLabel": "fruit_code",
              "IsFilteredCombobox": false,
              "IsTimestamp": false,
              "ValidationConditions": [],
              "VariableName": "fruit_code"
            },
            {
              "$type": "MultyOptionsQuestion",
              "AreAnswersOrdered": false,
              "YesNoView": false,
              "Answers": [
                {
                  "AnswerText": "Net",
                  "AnswerValue": "1"
                },
                {
                  "AnswerText": "Bunch",
                  "AnswerValue": "2"
                },
                {
                  "AnswerText": "Ring/Tier",
                  "AnswerValue": "3"
                },
                {
                  "AnswerText": "Each",
                  "AnswerValue": "4"
                }
              ],
              "Children": [],
              "ConditionExpression": "",
              "HideIfDisabled": false,
              "Featured": false,
              "Instructions": "",
              "Properties": {
                "HideInstructions": false,
                "UseFormatting": false,
                "OptionsFilterExpression": ""
              },
              "PublicKey": "e29179ad-0bce-415c-8fcd-8ac462c3c0ba",
              "QuestionScope": 0,
              "QuestionText": "Select the Measurement Type of these %rostertitle%",
              "QuestionType": 3,
              "StataExportCaption": "F_measure_type",
              "VariableLabel": "Fmeasure_type",
              "IsFilteredCombobox": false,
              "IsTimestamp": false,
              "ValidationConditions": [],
              "VariableName": "F_measure_type"
            },
            {
              "$type": "Group",
              "Children": [
                {
                  "$type": "NumericQuestion",
                  "IsInteger": true,
                  "UseFormatting": false,
                  "AnswerOrder": 2,
                  "Answers": [],
                  "Children": [],
                  "ConditionExpression": "",
                  "HideIfDisabled": false,
                  "Featured": false,
                  "Instructions": "",
                  "Properties": {
                    "HideInstructions": false,
                    "UseFormatting": false
                  },
                  "PublicKey": "b6b0ba7d-481a-4e79-bc14-996649868360",
                  "QuestionScope": 0,
                  "QuestionText": "Enter the Price of %rostertitle% sample 1",
                  "QuestionType": 4,
                  "StataExportCaption": "fruit_price1",
                  "VariableLabel": "fruit_price1",
                  "IsTimestamp": false,
                  "ValidationConditions": [],
                  "VariableName": "fruit_price1"
                },
                {
                  "$type": "NumericQuestion",
                  "IsInteger": false,
                  "CountOfDecimalPlaces": 2,
                  "UseFormatting": false,
                  "AnswerOrder": 2,
                  "Answers": [],
                  "Children": [],
                  "ConditionExpression": "",
                  "HideIfDisabled": false,
                  "Featured": false,
                  "Instructions": "",
                  "Properties": {
                    "HideInstructions": false,
                    "UseFormatting": false
                  },
                  "PublicKey": "3c1f0168-9d48-437b-b6fc-f62a7eec88c1",
                  "QuestionScope": 0,
                  "QuestionText": "Enter the Weight of %rostertitle% sample 1",
                  "QuestionType": 4,
                  "StataExportCaption": "fruit_weight1",
                  "VariableLabel": "fruit_weight1",
                  "IsTimestamp": false,
                  "ValidationConditions": [],
                  "VariableName": "fruit_weight1"
                },
                {
                  "$type": "NumericQuestion",
                  "IsInteger": true,
                  "UseFormatting": false,
                  "AnswerOrder": 2,
                  "Answers": [],
                  "Children": [],
                  "ConditionExpression": "",
                  "HideIfDisabled": false,
                  "Featured": false,
                  "Instructions": "",
                  "Properties": {
                    "HideInstructions": false,
                    "UseFormatting": false
                  },
                  "PublicKey": "47ec097e-ba17-a709-4627-e357d8a65b68",
                  "QuestionScope": 0,
                  "QuestionText": "Enter the Price of %rostertitle% sample 2",
                  "QuestionType": 4,
                  "StataExportCaption": "fruit_price2",
                  "VariableLabel": "fruit_price2",
                  "IsTimestamp": false,
                  "ValidationConditions": [],
                  "VariableName": "fruit_price2"
                },
                {
                  "$type": "NumericQuestion",
                  "IsInteger": false,
                  "CountOfDecimalPlaces": 2,
                  "UseFormatting": false,
                  "AnswerOrder": 2,
                  "Answers": [],
                  "Children": [],
                  "ConditionExpression": "",
                  "HideIfDisabled": false,
                  "Featured": false,
                  "Instructions": "",
                  "Properties": {
                    "HideInstructions": false,
                    "UseFormatting": false
                  },
                  "PublicKey": "abbd24f8-68e6-d8cd-0bdd-d0841bfd5448",
                  "QuestionScope": 0,
                  "QuestionText": "Enter the Weight of %rostertitle% sample 2",
                  "QuestionType": 4,
                  "StataExportCaption": "fruit_weight2",
                  "VariableLabel": "fruit_weight2",
                  "IsTimestamp": false,
                  "ValidationConditions": [],
                  "VariableName": "fruit_weight2"
                },
                {
                  "$type": "NumericQuestion",
                  "IsInteger": true,
                  "UseFormatting": false,
                  "AnswerOrder": 2,
                  "Answers": [],
                  "Children": [],
                  "ConditionExpression": "",
                  "HideIfDisabled": false,
                  "Featured": false,
                  "Instructions": "",
                  "Properties": {
                    "HideInstructions": false,
                    "UseFormatting": false
                  },
                  "PublicKey": "d7b29471-8984-1ee9-2e2c-de0ab3636896",
                  "QuestionScope": 0,
                  "QuestionText": "Enter the Price of %rostertitle% sample 3",
                  "QuestionType": 4,
                  "StataExportCaption": "fruit_price3",
                  "VariableLabel": "fruit_price3",
                  "IsTimestamp": false,
                  "ValidationConditions": [],
                  "VariableName": "fruit_price3"
                },
                {
                  "$type": "NumericQuestion",
                  "IsInteger": false,
                  "CountOfDecimalPlaces": 2,
                  "UseFormatting": false,
                  "AnswerOrder": 2,
                  "Answers": [],
                  "Children": [],
                  "ConditionExpression": "",
                  "HideIfDisabled": false,
                  "Featured": false,
                  "Instructions": "",
                  "Properties": {
                    "HideInstructions": false,
                    "UseFormatting": false
                  },
                  "PublicKey": "19a720a9-a077-be9a-637a-2945b533f639",
                  "QuestionScope": 0,
                  "QuestionText": "Enter the Weight of %rostertitle% sample 3",
                  "QuestionType": 4,
                  "StataExportCaption": "fruit_weight3",
                  "VariableLabel": "fruit_weight3",
                  "IsTimestamp": false,
                  "ValidationConditions": [],
                  "VariableName": "fruit_weight3"
                },
                {
                  "$type": "NumericQuestion",
                  "IsInteger": true,
                  "UseFormatting": false,
                  "AnswerOrder": 2,
                  "Answers": [],
                  "Children": [],
                  "ConditionExpression": "",
                  "HideIfDisabled": false,
                  "Featured": false,
                  "Instructions": "",
                  "Properties": {
                    "HideInstructions": false,
                    "UseFormatting": false
                  },
                  "PublicKey": "7936b2c5-09f8-d48b-c847-b7275162b930",
                  "QuestionScope": 0,
                  "QuestionText": "Enter the Price of %rostertitle% sample 4",
                  "QuestionType": 4,
                  "StataExportCaption": "fruit_price4",
                  "VariableLabel": "fruit_price4",
                  "IsTimestamp": false,
                  "ValidationConditions": [],
                  "VariableName": "fruit_price4"
                },
                {
                  "$type": "NumericQuestion",
                  "IsInteger": false,
                  "CountOfDecimalPlaces": 2,
                  "UseFormatting": false,
                  "AnswerOrder": 2,
                  "Answers": [],
                  "Children": [],
                  "ConditionExpression": "",
                  "HideIfDisabled": false,
                  "Featured": false,
                  "Instructions": "",
                  "Properties": {
                    "HideInstructions": false,
                    "UseFormatting": false
                  },
                  "PublicKey": "5727f957-be60-0a4a-2304-92bca83dd9e6",
                  "QuestionScope": 0,
                  "QuestionText": "Enter the Weight of %rostertitle% sample 4",
                  "QuestionType": 4,
                  "StataExportCaption": "fruit_weight4",
                  "VariableLabel": "fruit_weight4",
                  "IsTimestamp": false,
                  "ValidationConditions": [],
                  "VariableName": "fruit_weight4"
                },
                {
                  "$type": "NumericQuestion",
                  "IsInteger": true,
                  "UseFormatting": false,
                  "AnswerOrder": 2,
                  "Answers": [],
                  "Children": [],
                  "ConditionExpression": "",
                  "HideIfDisabled": false,
                  "Featured": false,
                  "Instructions": "",
                  "Properties": {
                    "HideInstructions": false,
                    "UseFormatting": false
                  },
                  "PublicKey": "9fe11fc7-d992-9076-7ccb-275f0c3cee48",
                  "QuestionScope": 0,
                  "QuestionText": "Enter the Price of %rostertitle% sample 5",
                  "QuestionType": 4,
                  "StataExportCaption": "fruit_price5",
                  "VariableLabel": "fruit_price5",
                  "IsTimestamp": false,
                  "ValidationConditions": [],
                  "VariableName": "fruit_price5"
                },
                {
                  "$type": "NumericQuestion",
                  "IsInteger": false,
                  "CountOfDecimalPlaces": 2,
                  "UseFormatting": false,
                  "AnswerOrder": 2,
                  "Answers": [],
                  "Children": [],
                  "ConditionExpression": "",
                  "HideIfDisabled": false,
                  "Featured": false,
                  "Instructions": "",
                  "Properties": {
                    "HideInstructions": false,
                    "UseFormatting": false
                  },
                  "PublicKey": "f046872c-daa7-5287-bd5f-d537f99d9073",
                  "QuestionScope": 0,
                  "QuestionText": "Enter the Weight of %rostertitle% sample 5",
                  "QuestionType": 4,
                  "StataExportCaption": "fruit_weight5",
                  "VariableLabel": "fruit_weight5",
                  "IsTimestamp": false,
                  "ValidationConditions": [],
                  "VariableName": "fruit_weight5"
                }
              ],
              "ConditionExpression": "",
              "HideIfDisabled": false,
              "IsFlatMode": false,
              "IsPlainMode": false,
              "DisplayMode": 0,
              "Enabled": true,
              "Description": "",
              "VariableName": "measurement_fruits",
              "IsRoster": true,
              "CustomRosterTitle": false,
              "RosterSizeQuestionId": "e29179ad-0bce-415c-8fcd-8ac462c3c0ba",
              "RosterSizeSource": 0,
              "FixedRosterTitles": [],
              "PublicKey": "975d3a54-baa1-f117-5619-cbbb240959b6",
              "Title": "Measurement fruits"
            }
          ],
          "ConditionExpression": "",
          "HideIfDisabled": false,
          "IsFlatMode": false,
          "IsPlainMode": false,
          "DisplayMode": 0,
          "Enabled": true,
          "Description": "",
          "VariableName": "fruits_roster",
          "IsRoster": true,
          "CustomRosterTitle": false,
          "RosterSizeQuestionId": "ec0f39c5-2f87-ca1c-074c-1197db093223",
          "RosterSizeSource": 0,
          "FixedRosterTitles": [],
          "PublicKey": "076694c9-cb72-4e60-9210-cbef5de96d02",
          "Title": "Fruits Roster"
        }
      ],
      "ConditionExpression": "",
      "HideIfDisabled": false,
      "IsFlatMode": false,
      "IsPlainMode": false,
      "DisplayMode": 0,
      "Enabled": true,
      "Description": "",
      "VariableName": "fruits_section",
      "IsRoster": false,
      "CustomRosterTitle": false,
      "RosterSizeSource": 0,
      "FixedRosterTitles": [],
      "PublicKey": "71ceeada-d470-cf8c-e407-63efdde9e20d",
      "Title": "Fruits Section"
    },
    {
      "$type": "Group",
      "Children": [
        {
          "$type": "MultyOptionsQuestion",
          "AreAnswersOrdered": false,
          "YesNoView": false,
          "Answers": [
            {
              "AnswerText": "Bowl Cabbage (White)",
              "AnswerValue": "1"
            },
            {
              "AnswerText": "Bowl Cabbage (Purple)",
              "AnswerValue": "2"
            },
            {
              "AnswerText": "Carrot",
              "AnswerValue": "3"
            },
            {
              "AnswerText": "Chinese Cabbage",
              "AnswerValue": "4"
            },
            {
              "AnswerText": "Cucumber",
              "AnswerValue": "5"
            },
            {
              "AnswerText": "Pumpkin",
              "AnswerValue": "6"
            },
            {
              "AnswerText": "Island Cabbage",
              "AnswerValue": "7"
            },
            {
              "AnswerText": "Lettuce",
              "AnswerValue": "8"
            },
            {
              "AnswerText": "Tomato (Big Type)",
              "AnswerValue": "9"
            },
            {
              "AnswerText": "Tomato (Small Type)",
              "AnswerValue": "10"
            },
            {
              "AnswerText": "Potato",
              "AnswerValue": "11"
            },
            {
              "AnswerText": "Onion",
              "AnswerValue": "12"
            },
            {
              "AnswerText": "Capsicum",
              "AnswerValue": "13"
            },
            {
              "AnswerText": "Bean",
              "AnswerValue": "14"
            },
            {
              "AnswerText": "Chilli",
              "AnswerValue": "15"
            },
            {
              "AnswerText": "Sweet Corn",
              "AnswerValue": "16"
            },
            {
              "AnswerText": "Broccoli",
              "AnswerValue": "17"
            }
          ],
          "Children": [],
          "ConditionExpression": "",
          "HideIfDisabled": false,
          "Featured": false,
          "Instructions": "",
          "Properties": {
            "HideInstructions": false,
            "UseFormatting": false
          },
          "PublicKey": "a7f7f755-4b8c-a952-1355-2c15b15eca3d",
          "QuestionScope": 0,
          "QuestionText": "4. Select Vegetable from list to sample",
          "QuestionType": 3,
          "StataExportCaption": "vegetable_type",
          "VariableLabel": "vegetable_type",
          "IsFilteredCombobox": false,
          "IsTimestamp": false,
          "ValidationConditions": [],
          "VariableName": "vegetable_type"
        },
        {
          "$type": "Group",
          "Children": [
            {
              "$type": "SingleQuestion",
              "ShowAsList": false,
              "Answers": [
                {
                  "AnswerText": "Bowl Cabbage (white)",
                  "AnswerValue": "1"
                },
                {
                  "AnswerText": "Bowl Cabbage (purple)",
                  "AnswerValue": "2"
                },
                {
                  "AnswerText": "Carrot",
                  "AnswerValue": "3"
                },
                {
                  "AnswerText": "Chinese Cabbage",
                  "AnswerValue": "4"
                },
                {
                  "AnswerText": "Cucumber",
                  "AnswerValue": "5"
                },
                {
                  "AnswerText": "Pumpkin",
                  "AnswerValue": "6"
                },
                {
                  "AnswerText": "Island Cabbage",
                  "AnswerValue": "7"
                },
                {
                  "AnswerText": "Lettuce",
                  "AnswerValue": "8"
                },
                {
                  "AnswerText": "Tomatoes",
                  "AnswerValue": "9"
                },
                {
                  "AnswerText": "Potato",
                  "AnswerValue": "10"
                },
                {
                  "AnswerText": "Onion",
                  "AnswerValue": "11"
                },
                {
                  "AnswerText": "Capsicum",
                  "AnswerValue": "12"
                },
                {
                  "AnswerText": "Bean",
                  "AnswerValue": "13"
                },
                {
                  "AnswerText": "Chilli",
                  "AnswerValue": "14"
                },
                {
                  "AnswerText": "Sweet Corn",
                  "AnswerValue": "15"
                },
                {
                  "AnswerText": "Broccoli",
                  "AnswerValue": "16"
                }
              ],
              "Children": [],
              "ConditionExpression": "",
              "HideIfDisabled": false,
              "Featured": false,
              "Instructions": "",
              "Properties": {
                "HideInstructions": false,
                "UseFormatting": false,
                "OptionsFilterExpression": ""
              },
              "PublicKey": "daa42408-a5d9-9082-3bb4-cfd9a84db374",
              "QuestionScope": 1,
              "QuestionText": "Select the appropriate name of the %rostertitle% from the list",
              "QuestionType": 0,
              "StataExportCaption": "vegetable_code",
              "VariableLabel": "vegetable_code",
              "IsFilteredCombobox": false,
              "IsTimestamp": false,
              "ValidationConditions": [],
              "VariableName": "vegetable_code"
            },
            {
              "$type": "MultyOptionsQuestion",
              "AreAnswersOrdered": false,
              "YesNoView": false,
              "Answers": [
                {
                  "AnswerText": "Net",
                  "AnswerValue": "2"
                },
                {
                  "AnswerText": "Each",
                  "AnswerValue": "3"
                },
                {
                  "AnswerText": "Bundle",
                  "AnswerValue": "4"
                }
              ],
              "Children": [],
              "ConditionExpression": "",
              "HideIfDisabled": false,
              "Featured": false,
              "Instructions": "",
              "Properties": {
                "HideInstructions": false,
                "UseFormatting": false,
                "OptionsFilterExpression": ""
              },
              "PublicKey": "38a95a05-e458-4884-a656-3d8e7e50af71",
              "QuestionScope": 0,
              "QuestionText": "Select the Measurement type of these %rostertitle%",
              "QuestionType": 3,
              "StataExportCaption": "veg_measure_type",
              "VariableLabel": "veg_measure_type",
              "IsFilteredCombobox": false,
              "IsTimestamp": false,
              "ValidationConditions": [],
              "VariableName": "veg_measure_type"
            },
            {
              "$type": "Group",
              "Children": [
                {
                  "$type": "NumericQuestion",
                  "IsInteger": true,
                  "UseFormatting": false,
                  "AnswerOrder": 2,
                  "Answers": [],
                  "Children": [],
                  "ConditionExpression": "",
                  "HideIfDisabled": false,
                  "Featured": false,
                  "Instructions": "",
                  "Properties": {
                    "HideInstructions": false,
                    "UseFormatting": false
                  },
                  "PublicKey": "8ad61d65-1db7-4805-9e13-7ce07a1fa0be",
                  "QuestionScope": 0,
                  "QuestionText": "Enter the price of one measure of these %rostertitle% sample 1",
                  "QuestionType": 4,
                  "StataExportCaption": "vegetable_price1",
                  "VariableLabel": "vegetable_price1",
                  "IsTimestamp": false,
                  "ValidationConditions": [],
                  "VariableName": "vegetable_price1"
                },
                {
                  "$type": "NumericQuestion",
                  "IsInteger": false,
                  "CountOfDecimalPlaces": 2,
                  "UseFormatting": false,
                  "AnswerOrder": 2,
                  "Answers": [],
                  "Children": [],
                  "ConditionExpression": "",
                  "HideIfDisabled": false,
                  "Featured": false,
                  "Instructions": "",
                  "Properties": {
                    "HideInstructions": false,
                    "UseFormatting": false
                  },
                  "PublicKey": "b03d29f9-c437-4a0e-b6c8-2b52181b13dc",
                  "QuestionScope": 0,
                  "QuestionText": "Enter the weight of each of these %rostertitle% sample 1",
                  "QuestionType": 4,
                  "StataExportCaption": "vegetables_weight1",
                  "VariableLabel": "vegetables_weight1",
                  "IsTimestamp": false,
                  "ValidationConditions": [],
                  "VariableName": "vegetables_weight1"
                },
                {
                  "$type": "NumericQuestion",
                  "IsInteger": true,
                  "UseFormatting": false,
                  "AnswerOrder": 2,
                  "Answers": [],
                  "Children": [],
                  "ConditionExpression": "",
                  "HideIfDisabled": false,
                  "Featured": false,
                  "Instructions": "",
                  "Properties": {
                    "HideInstructions": false,
                    "UseFormatting": false
                  },
                  "PublicKey": "2eeba119-2fbb-3387-d5b5-68b8e61bd969",
                  "QuestionScope": 0,
                  "QuestionText": "Enter the price of one measure of these %rostertitle% sample 2",
                  "QuestionType": 4,
                  "StataExportCaption": "vegetable_price2",
                  "VariableLabel": "vegetable_price2",
                  "IsTimestamp": false,
                  "ValidationConditions": [],
                  "VariableName": "vegetable_price2"
                },
                {
                  "$type": "NumericQuestion",
                  "IsInteger": false,
                  "CountOfDecimalPlaces": 2,
                  "UseFormatting": false,
                  "AnswerOrder": 2,
                  "Answers": [],
                  "Children": [],
                  "ConditionExpression": "",
                  "HideIfDisabled": false,
                  "Featured": false,
                  "Instructions": "",
                  "Properties": {
                    "HideInstructions": false,
                    "UseFormatting": false
                  },
                  "PublicKey": "69dde59d-80c9-b46a-f0b8-9e909d41fffc",
                  "QuestionScope": 0,
                  "QuestionText": "Enter the weight of each of these %rostertitle% sample 2",
                  "QuestionType": 4,
                  "StataExportCaption": "vegetables_weight2",
                  "VariableLabel": "vegetables_weight2",
                  "IsTimestamp": false,
                  "ValidationConditions": [],
                  "VariableName": "vegetables_weight2"
                },
                {
                  "$type": "NumericQuestion",
                  "IsInteger": true,
                  "UseFormatting": false,
                  "AnswerOrder": 2,
                  "Answers": [],
                  "Children": [],
                  "ConditionExpression": "",
                  "HideIfDisabled": false,
                  "Featured": false,
                  "Instructions": "",
                  "Properties": {
                    "HideInstructions": false,
                    "UseFormatting": false
                  },
                  "PublicKey": "8713c393-e513-8524-6493-060e8f790a98",
                  "QuestionScope": 0,
                  "QuestionText": "Enter the price of one measure of these %rostertitle% sample 3",
                  "QuestionType": 4,
                  "StataExportCaption": "vegetable_price3",
                  "VariableLabel": "vegetable_price3",
                  "IsTimestamp": false,
                  "ValidationConditions": [],
                  "VariableName": "vegetable_price3"
                },
                {
                  "$type": "NumericQuestion",
                  "IsInteger": false,
                  "CountOfDecimalPlaces": 2,
                  "UseFormatting": false,
                  "AnswerOrder": 2,
                  "Answers": [],
                  "Children": [],
                  "ConditionExpression": "",
                  "HideIfDisabled": false,
                  "Featured": false,
                  "Instructions": "",
                  "Properties": {
                    "HideInstructions": false,
                    "UseFormatting": false
                  },
                  "PublicKey": "8c8d856b-264e-426d-dad1-1e91a54a275e",
                  "QuestionScope": 0,
                  "QuestionText": "Enter the weight of each of these %rostertitle% sample 3",
                  "QuestionType": 4,
                  "StataExportCaption": "vegetables_weight3",
                  "VariableLabel": "vegetables_weight3",
                  "IsTimestamp": false,
                  "ValidationConditions": [],
                  "VariableName": "vegetables_weight3"
                },
                {
                  "$type": "NumericQuestion",
                  "IsInteger": true,
                  "UseFormatting": false,
                  "AnswerOrder": 2,
                  "Answers": [],
                  "Children": [],
                  "ConditionExpression": "",
                  "HideIfDisabled": false,
                  "Featured": false,
                  "Instructions": "",
                  "Properties": {
                    "HideInstructions": false,
                    "UseFormatting": false
                  },
                  "PublicKey": "f5095526-5788-c044-f879-56ef80bdb3a4",
                  "QuestionScope": 0,
                  "QuestionText": "Enter the price of one measure of these %rostertitle% sample 4",
                  "QuestionType": 4,
                  "StataExportCaption": "vegetable_price4",
                  "VariableLabel": "vegetable_price4",
                  "IsTimestamp": false,
                  "ValidationConditions": [],
                  "VariableName": "vegetable_price4"
                },
                {
                  "$type": "NumericQuestion",
                  "IsInteger": false,
                  "CountOfDecimalPlaces": 2,
                  "UseFormatting": false,
                  "AnswerOrder": 2,
                  "Answers": [],
                  "Children": [],
                  "ConditionExpression": "",
                  "HideIfDisabled": false,
                  "Featured": false,
                  "Instructions": "",
                  "Properties": {
                    "HideInstructions": false,
                    "UseFormatting": false
                  },
                  "PublicKey": "7c3d14d1-2082-6c12-26bf-2ac39182fc69",
                  "QuestionScope": 0,
                  "QuestionText": "Enter the weight of each of these %rostertitle% sample 4",
                  "QuestionType": 4,
                  "StataExportCaption": "vegetables_weight4",
                  "VariableLabel": "vegetables_weight4",
                  "IsTimestamp": false,
                  "ValidationConditions": [],
                  "VariableName": "vegetables_weight4"
                },
                {
                  "$type": "NumericQuestion",
                  "IsInteger": true,
                  "UseFormatting": false,
                  "AnswerOrder": 2,
                  "Answers": [],
                  "Children": [],
                  "ConditionExpression": "",
                  "HideIfDisabled": false,
                  "Featured": false,
                  "Instructions": "",
                  "Properties": {
                    "HideInstructions": false,
                    "UseFormatting": false
                  },
                  "PublicKey": "be6a9818-7733-c951-36c2-6169b519030b",
                  "QuestionScope": 0,
                  "QuestionText": "Enter the price of one measure of these %rostertitle% sample 5",
                  "QuestionType": 4,
                  "StataExportCaption": "vegetable_price5",
                  "VariableLabel": "vegetable_price5",
                  "IsTimestamp": false,
                  "ValidationConditions": [],
                  "VariableName": "vegetable_price5"
                },
                {
                  "$type": "NumericQuestion",
                  "IsInteger": false,
                  "CountOfDecimalPlaces": 2,
                  "UseFormatting": false,
                  "AnswerOrder": 2,
                  "Answers": [],
                  "Children": [],
                  "ConditionExpression": "",
                  "HideIfDisabled": false,
                  "Featured": false,
                  "Instructions": "",
                  "Properties": {
                    "HideInstructions": false,
                    "UseFormatting": false
                  },
                  "PublicKey": "7ebd3452-7ab7-8882-f36c-c56eef300145",
                  "QuestionScope": 0,
                  "QuestionText": "Enter the weight of each of these %rostertitle% sample 5",
                  "QuestionType": 4,
                  "StataExportCaption": "vegetables_weight5",
                  "VariableLabel": "vegetables_weight5",
                  "IsTimestamp": false,
                  "ValidationConditions": [],
                  "VariableName": "vegetables_weight5"
                }
              ],
              "ConditionExpression": "",
              "HideIfDisabled": false,
              "IsFlatMode": false,
              "IsPlainMode": false,
              "DisplayMode": 0,
              "Enabled": true,
              "Description": "",
              "VariableName": "measurement_vegetable",
              "IsRoster": true,
              "CustomRosterTitle": false,
              "RosterSizeQuestionId": "38a95a05-e458-4884-a656-3d8e7e50af71",
              "RosterSizeSource": 0,
              "FixedRosterTitles": [],
              "PublicKey": "2721b2bb-6084-4778-b6c6-84ca7e379bdc",
              "Title": "Measurement Vegetable"
            }
          ],
          "ConditionExpression": "",
          "HideIfDisabled": false,
          "IsFlatMode": false,
          "IsPlainMode": false,
          "DisplayMode": 0,
          "Enabled": true,
          "Description": "",
          "VariableName": "vegis_roster",
          "IsRoster": true,
          "CustomRosterTitle": false,
          "RosterSizeQuestionId": "a7f7f755-4b8c-a952-1355-2c15b15eca3d",
          "RosterSizeSource": 0,
          "FixedRosterTitles": [],
          "PublicKey": "22b2051c-838b-4f7e-92c2-e26f540c2d80",
          "Title": "Vegetable Roster"
        }
      ],
      "ConditionExpression": "",
      "HideIfDisabled": false,
      "IsFlatMode": false,
      "IsPlainMode": false,
      "DisplayMode": 0,
      "Enabled": true,
      "Description": "",
      "VariableName": "vegetables_section",
      "IsRoster": false,
      "CustomRosterTitle": false,
      "RosterSizeSource": 0,
      "FixedRosterTitles": [],
      "PublicKey": "5273f247-95e1-9706-40ee-7dcfc67bc2ec",
      "Title": "Vegetables Section"
    }
  ],
  "Macros": {},
  "LookupTables": {},
  "Attachments": [
    {
      "AttachmentId": "799d2644-aa54-40e1-8732-4f66888a91df",
      "Name": "vnso",
      "ContentId": "72CF7DACB32B8CE29C03090F1EE840D2CB509CAD"
    },
    {
      "AttachmentId": "86199480-1a8e-4188-a578-ea2f5fa9a385",
      "Name": "port-vila-market",
      "ContentId": "A7FB39441C2809DF1E17D8A440A0FDB17E245F21"
    }
  ],
  "Translations": [],
  "Categories": [],
  "ConditionExpression": "",
  "HideIfDisabled": false,
  "CreationDate": "2022-01-20T03:47:26.603293",
  "LastEntryDate": "2022-01-20T03:55:08.7949242",
  "IsDeleted": false,
  "CreatedBy": "4ed4074f-abfe-4e91-b599-1daf0b504ec0",
  "IsPublic": false,
  "PublicKey": "f8b36a75-a52b-42c4-a604-8c5568ef2ab0",
  "Title": "MS2 v2_1",
  "Description": "",
  "VariableName": "VNSOMCS_1",
  "IsRoster": false,
  "DisplayMode": 0,
  "RosterSizeSource": 0,
  "FixedRosterTitles": [],
  "LastEventSequence": 0,
  "IsUsingExpressionStorage": false,
  "CustomRosterTitle": false,
  "IsCoverPageSupported": true
}